上山批次	name	en	color	bg	level	metaphor1	metaphor1Text	metaphor2	metaphor2Text	history1	history1_1	history2	history2_1	mammel_repre	bird_repre	reptiles_repre	amphibian_repre	insect_repre	mammal	bird	reptiles	amphibian	insect	others	active	city	journal	height	level	season	sprint 錯字請訂正3遍	summer	fall	winter	note	application	application1	application2	application3	hikinglink	picture1		text1	picture2		text2	picture3		text3	picture4		text4	picture5		text5	picture6		text6	picture7		text7	picture8		text8	picture9		text9	picture10		text10	trail
第一波	玉山	yushan	blue	bgBlue	藍	靠近星星	玉山主峰海拔高達 3,952 公尺，周圍的群峰海拔幾乎也都超過 3,000 公尺。	熱鬧	因位處亞熱帶及高海拔，使得玉山擁有亞熱帶、暖溫帶、冷溫帶及高山寒原帶等不同的氣候型態，進而繁衍出多樣化的動物及植物物種。	"玉山一詞最早出現於《裨海紀遊》，但當時因氣候關係，也有人稱作雪山；甲午戰爭後，日本政府接管台灣，將其命為「新高山」，並與雪山、能高山合稱為台灣三高。
曾有人形容「常年積雪瑩澂有光，晴霽時望之光輝射人，有如白玉」，在中華民國政府接管台灣後，正式定名為「玉山」。"		夫妻樹	"有一對恩愛的情侶，因為雙方家長的反對不能在一起，因此相約跳下懸崖殉情，之後這裡長出了兩棵紅檜木。後人為了紀念這一對情侶堅貞的愛情，因此成全2人的心願，就地讓他們拜堂完婚，因此被稱作夫妻樹。

備註：該夫妻樹於2017年別離，夫樹已倒塌"	"高山白腹鼠
3000m以上山代表"	"岩鷚
3000m以上山代表"	"雪山草蜥
3000m以上山代表"	"楚南氏山椒魚
3000m以上山代表"	"永澤蛇眼蝶
3000m以上山代表"	臺灣水鹿 （常）、山羌 （常）、臺灣黑熊 （常）	藍腹鷳（特）、酒紅朱雀 （常）、栗背林鴝 （常）	阿里山龜殼花 （特）、梭德氏游蛇 （特）、 斯文豪氏攀蜥 （特）	阿里山山椒魚（保）、楚南氏山椒魚（保）、觀霧山椒魚（保）	大紫蛺蝶（保）、妖艷吉丁蟲（保）、臺灣長臂金龜（保）			南投縣、嘉義縣、高雄市	two	high	過1夜＆3000m以上	1,1,1,0	1	1	1	0	冬天需準備雪季裝備	1,1,0	1	1	0	https://mountain.cpami.gov.tw/	yushan1	yushan1: [yushan1webp, yushan1],	/ 玉山主峰上的岩鷚 / 攝影：柯政祥 /	yushan2	yushan2: [yushan2webp, yushan2],	/ 玉山主峰晨曦時刻 / 攝影：柯政祥 /	yushan3	yushan3: [yushan3webp, yushan3],	/ 通往玉山群峰的登山口 / 攝影：柯政祥 /	yushan4	yushan4: [yushan4webp, yushan4],	/ 睥睨群山的臺灣第一高峰 / 攝影：柯政祥 /	yushan5	yushan5: [yushan5webp, yushan5],	/ 遙望玉山北峰 / 攝影：柯政祥 /	yushan6	yushan6: [yushan6webp, yushan6],	/ 主峰已近在眼前 / 攝影：山女孩MelissaxMao冒險生活 / 	yushan7	yushan7: [yushan7webp, yushan7],	/ 前往主峰前的最後一段陡坡 / 攝影：山女孩MelissaxMao冒險生活 / 	yushan8	yushan8: [yushan8webp, yushan8],	/ 著名的風口，風勢強勁 / 攝影：山女孩MelissaxMao冒險生活 / 		: ,			: ,		https://hikingbook.net/trails/EKFc0k0KR0yYKjzKuKS0LQ
第一波	雪山	xueshan	blue	bgBlue	藍	冰凍	雪山的冰河地形以冰斗為主，而目前全台約有 77 處冰斗，知名地理學家鹿野忠雄曾在雪山周邊發現 35 處，而至今，雪山主峰周圍可辨識之冰斗約有 8 處。	純潔	雪山擁有台灣第一高的天然高山湖泊－翠池，終年不乾涸、也不會結冰，是珍貴且乾淨的高山水源。	雪山一名主要來自泰雅族人普遍的稱呼「seakon」，譯音為「雪高翁山」，後來簡稱為「雪翁山」或「雪山」。乃因泰雅族見到雪山南面的岩壁一直在崩裂直瀉，形成縱斷裂溝，而將此特殊地形命名之，意為「岩壁的裂溝」。		曲折的命名過程	古代曾有詩人吟詠「玉山霽雪」，此處的玉山意指雪山；在此一地區狩獵的泰雅族人也對其有不同的稱呼，諸如「哈蓋山」、「馬哈馬顏山」、「雪高翁山」；曾航海經過的英國人稱其為「西魯維亞（Sylvia）山」；最後，在雪山正式定名後，曾被蔣中正總統改名為興隆山，希望國運昌隆，但並未沿用。	"高山白腹鼠
3000m以上山代表"	"岩鷚
3000m以上山代表"	"雪山草蜥
3000m以上山代表"	"楚南氏山椒魚
3000m以上山代表"	"永澤蛇眼蝶
3000m以上山代表"	華南鼬鼠 （常）、臺灣水鹿 （常）、山羌 （常）	白耳畫眉 （常）、冠羽畫眉 （常）、金翼白眉 （常）	臺灣標蛇 （常）、高砂蛇 （常）、雪山草蜥 （常）	臺灣山椒魚 （常）、艾氏樹蛙 （常）、南湖山椒魚 （常）	姬蜂 （常）、葉蟬 （常）、曙鳳蝶 （常）	"雪山圈谷和翠池是台灣的冰河遺跡，圈谷一年四季都有不同的樣貌。而高山杜鵑歷年來多於5月中旬開始綻放，
若是花況好的時候則有機會看到滿圈谷的杜鵑花喔！"	5	苗栗縣、台中市	two	high	過1夜＆3000m以上	1,1,1,0	1	1	1	0	由於積雪及日照不長，冬季入山需要特別留意裝備&安全	1,1,0	1	1	0	https://mountain.cpami.gov.tw/	xueshan1	xueshan1: [xueshan1webp, xueshan1],	/ 雪山黑森林 / 攝影：柯政祥 /	xueshan2	xueshan2: [xueshan2webp, xueshan2],	/ 延伸的稜線 / 攝影：保用Warranty /	xueshan3	xueshan3: [xueshan3webp, xueshan3],	/ 前往雪山主峰路上 / 攝影：柯政祥 /	xueshan4	xueshan4: [xueshan4webp, xueshan4],	/ 雪山主峰 / 攝影：柯政祥 /	xueshan5	xueshan5: [xueshan5webp, xueshan5],	/ 雪山東峰上 / 攝影：柯政祥 /	xueshan6	xueshan6: [xueshan6webp, xueshan6],	/ 雪山圈谷 / 攝影：柯政祥 /	xueshan7	xueshan7: [xueshan7webp, xueshan7],	/ 遙望北稜角 / 攝影：保用Warranty /	xueshan8	xueshan8: [xueshan8webp, xueshan8],	/ 遙望雪山與北稜角 / 攝影：保用Warranty /	xueshan9	xueshan9: [xueshan9webp, xueshan9],	/ 清晨的魔幻山色 / 攝影：宇宙浪人工作室 /	xueshan10	xueshan10: [xueshan10webp, xueshan10],	/ 雪季快結束時，山頂積雪 / 攝影：宇宙浪人工作室 /	https://hikingbook.net/trails/XGRUxntXSx90QzFik8moWJg
第一波	火石山	huoshishan	blue	bgBlue	藍	會擠深 V	經歷了冰河侵蝕，突起的尖銳山峰呈現倒 V 字形。	焦黑	因山頂裸露的碎裂岩片顏色如黑如木炭，遠看像被烤焦一般。	因山頂祼露的碎裂岩片表面光滑明亮，顏色如黑炭的細粉與碎沙夾雜於砂場上，映著陽光，閃爍在豔陽下紅如火山，因而得名。		真假山頭分辨不了	大多數的山頭皆為綠色，因此攀登雪山西稜時，經過一段密林後，會先看到火石山的「假冒山頭」，必須再走下去約 20 公尺，再攀登上去的的第 2 座山頭才是真正的火石山山頂，其黑色的碎石屑就像被火燒過遺留下來的灰燼。	"高山白腹鼠
3000m以上山代表"	"岩鷚
3000m以上山代表"	"雪山草蜥
3000m以上山代表"	"楚南氏山椒魚
3000m以上山代表"	"永澤蛇眼蝶
3000m以上山代表"	長鬃山羊 （常）、白面鼯鼠（亞）、華南鼱鼠（常）、臺灣黑熊 （常）	岩鷚 （常）、煤山雀 （常）、火冠戴菊鳥 （常）	臺灣標蛇 （常）、高砂蛇 （常）、雪山草蜥 （常）	臺灣山椒魚 （常）、艾氏樹蛙 （常）、南湖山椒魚 （常）	劍青鳳蝶（常）、曙鳳蝶（常）、小紫斑蝶（常）			苗栗縣、台中市	overTwo	high	過2夜以上 & 3000m以上	1,1,1,1	1	1	1	1		1,1,0	1	1	0	https://mountain.cpami.gov.tw/	huoshishan1	huoshishan1: [huoshishan1webp, huoshishan1],	/ 行走於山頂稜線上 / 攝影：宇宙浪人工作室 / 	huoshishan2	huoshishan2: [huoshishan2webp, huoshishan2],	/ 特殊的尖型山峰/ 攝影：宇宙浪人工作室 / 	huoshishan3	huoshishan3: [huoshishan3webp, huoshishan3],	/ 高山冷杉林 / 攝影：宇宙浪人工作室 / 		: [webp, ],			: [webp, ],			: [webp, ],			: ,			: ,			: ,			: ,		https://hikingbook.net/trails/k0Xz2pHpTWOlQAa70Hp26g
第一波	加里山	jialishan	pink	bgPink	粉	有母愛	因苗栗的第一大河為後龍溪，又加里山是後龍溪的發源地，因此又名為「苗栗的母親山」。	大和風情	因山形與日本富士山相似，因此加里山也被稱為「台灣的富士山」。	"雖不是加里山脈中的最高峰，但因其對於當地的重要性，因而命名其為加里山。
因沿途為柳杉及闊葉林，昔日也曾設有伐木林場。"		復活樹	加里山上有棵原直徑 1.7 直徑的牛樟，因故被鋸掉後，殘留的基部仍萌發了新葉，看似脆弱不堪，實際上卻擁有旺盛的生命力，因而被稱作「復活樹」。	"長鬃山羊
2000-3000m山代表"	"帝雉
2000-3000m山代表"	"菊池氏龜殼花
2000-3000m山代表"	"阿里山山椒魚
2000-3000m山代表"	"姬長尾水青蛾
2000-3000m山代表"	白面鼯鼠（亞）、台灣野豬（常）、山羌 （常）	黃山雀（常）、冠羽畫眉（特）、黃魚角鴞（常）	百步蛇（常）、阿里山龜殼花（常）、短肢攀蜥（常）	盤古蟾蜍（常）、面天樹蛙（常）	橙翅傘弄蝶（常）、圓翅絨弄蝶（常）、綠豹蛺蝶（常）	每年3、4月可見台灣特有一葉蘭，山頂的杜鵑花開，賞花絕佳景點。	3,4	苗栗縣	two	middle	過1夜＆1000m-3000m	1,1,1,1	1	1	1	1		0,0,0	0	0	0	https://mountain.cpami.gov.tw/	jialishan1	jialishan1: [jialishan1webp, jialishan1],	/ 中海拔林相 / 攝影：柯政祥 /	jialishan2	jialishan2: [jialishan2webp, jialishan2],	/ 加里山最有名的柳杉林 / 攝影：柯政祥 /	jialishan3	jialishan3: [jialishan3webp, jialishan3],	/ 參天柳杉高聳入雲 / 攝影：柯政祥 /		: [webp, ],			: [webp, ],			: [webp, ],			: ,			: ,			: ,			: ,		https://hikingbook.net/trails/XcCIKepNRFCFJmDgUpTdTA
第一波	太平山	taipingshan	orange	bgOrange	橘	美	太平山中的見晴懷古步道為全台唯一被美國CNN評點為「全球最美28條小路之一」，其最知名的重點路段為懸空架高的火車舊軌道遺跡。	和平	太平山的「太平」，有「天下太平」之意，且 2018 年起設有全世界第一條寂靜山徑－翠峰湖環山步道，步入這條山徑的遊客，皆會保持崇敬、莊嚴之態度。	"太平山一帶原被泰雅人稱為「眠腦」，意指一片森林茂密的地方和蓊鬱的綠；1915年，日本人根據此意涵，將其譯為太平山，有期許國運昌隆、欣欣向榮之意。
太平山早期為台灣三大林場之一，後於 1983 年轉型為森林遊樂區，園區內仍保留鐵軌、流籠等文化財產，讓遊客能藉此更了解其歷史。"		全民女神的魅力	"過去在太平山上工作的林場人員、校長等，雖然住在山上，但祭祀的卻是海神「媽祖」。
需從山上至平地迎接回山上，膜拜完後，再沿原路途送回海邊，可見媽祖的影響力不容小覷。"	"臺灣黑熊
1000-2000m山代表"	"冠羽畫眉
1000-2000m山代表"	"高砂蛇
1000-2000m山代表"	"觀霧山椒魚
1000-2000m山代表"	"臺灣長臂金龜
1000-2000m山代表"	黃喉貂（常）、白鼻心（常）、食蟹獴（亞）	綠啄木（常）、白頭鶇（常）、帝雉（常）	呂氏攀蜥（特）、菊池氏龜殼花（特、保）、王錦蛇（常）	日本樹蛙（常）、莫氏樹蛙（常）、腹斑蛙（常）	寬尾鳳蝶（特）、夸父綠小灰蝶（特）、玉帶鳳蝶（常）	"台灣山毛櫸是台灣特有種夸父綠小灰蝶幼蟲的唯一寄主食物，
5～6月限定機會觀賞。"	5,6	宜蘭縣	one	middle	當天來回＆1000m-3000m	1,1,1,1	1	1	1	1		1,0,0	1	0	0	https://mountain.cpami.gov.tw/	taipingshan1	taipingshan1: [taipingshan1webp, taipingshan1],	/ 步道為過去運材軌道 / 攝影：劉利宏 /	taipingshan2	taipingshan2: [taipingshan2webp, taipingshan2],	/ 舊時鐵道遺跡 / 攝影：@miumiu8866 / 		: [webp, ],			: [webp, ],			: [webp, ],			: [webp, ],			: ,			: ,			: ,			: ,		https://hikingbook.net/trails/r3FdVMM8ShmWXEdaz90ZlPw
第一波	奮起湖大凍山	fenqihudadongshan	orange	bgOrange	橘	划算	相較於「阿里山」及「祝山」只出現一下下的日出，奮起湖大凍山因為相對距離之仰角，因此可以看到長達 200 秒的日出，追日超划算！	有靈性	大凍山的起點處有一座「觀音石」，據說原本上頭有一部分像是觀音站立的樣子因而命名。	奮起湖大凍山，又稱「大凍山」、「糞箕山」、「畚箕山」，其別名主要來自當地地名「奮起湖」之舊名。		撞名的小百岳	"全台一共有三座大「ㄉㄨㄥˋ 」山，分別位於
新北市樹林區「大棟山」、嘉義縣竹崎鄉「大凍山」、台南市白河區「大凍山」，且三座山同時屬於小百岳哦！"	"臺灣黑熊
1000-2000m山代表"	"冠羽畫眉
1000-2000m山代表"	"高砂蛇
1000-2000m山代表"	"觀霧山椒魚
1000-2000m山代表"	"臺灣長臂金龜
1000-2000m山代表"	大赤鼯鼠（常）	五色鳥 （常）、黃胸藪眉（常）、山紅頭（常）	斯文豪氏攀蜥（特）、過山刀（常）、赤尾青竹絲（常）	莫氏樹蛙（常）、梭德氏赤蛙（常）	琉璃紋鳳蝶（常）、枯葉蛾（常）、白波紋小灰蝶（常）	全年皆舒適宜人，山頂有360度展望，可以看到玉山群峰、塔山群峰。	all	嘉義縣	one	middle	當天來回＆1000m-3000m	1,1,1,1	1	1	1	1		0,0,0	0	0	0	https://mountain.cpami.gov.tw/	fenqihudadongshan1	fenqihudadongshan1: [fenqihudadongshan1webp, fenqihudadongshan1],	/ 奮起湖大凍山景色 / 攝影：李奕潔 /		: [webp, ],			: [webp, ],			: [webp, ],			: [webp, ],			: [webp, ],			: ,			: ,			: ,			: ,		https://hikingbook.net/trails/4HbNKfmKRcejd90IeHMqj91A
第一波	東眼山	dongyanshan	orange	bgOrange	橘	包容	"雖有人造林，但因覆蓋良好，山內的兩棲類生態相當豐富。
此外，許多台灣原生的闊葉樹與針葉樹也隨時間茁壯，與人造柳杉林和諧共生，逐漸恢復多樣性。"	耐燒	東眼山上目前仍保有日治時期的木炭窯遺跡，因當時此處被政府作為培育柳杉的林場，而工人會利用被砍除的雜木，燒製木炭另外販售。	東眼山的山名由來有兩說法：	"1. 泰雅族人稱其為「Rgyax-Tongan」，發音近似「東眼」。
2. 東眼山山體渾圓，有人說若從石門水庫阿姆坪遠眺，其外型像向東方眺望的眼睛，故名東眼山。"	曾是海的山？	早期的東眼山位處濱海及淺海一帶，有許多貝類、蝦蟹、有孔蟲類等生物在此活動，經過幾千萬年的累積，這些生物的足跡及遺體藏身於岩石中，成為山與海之間最美妙的連結。	"臺灣黑熊
1000-2000m山代表"	"冠羽畫眉
1000-2000m山代表"	"高砂蛇
1000-2000m山代表"	"觀霧山椒魚
1000-2000m山代表"	"臺灣長臂金龜
1000-2000m山代表"	臺灣獼猴（常）、臺灣野兔（常）、穿山甲（常）	藪鳥（常）、巨嘴鴨（常）、紅頭山雀（常）	南蛇（常）、龜殼花（常）、王錦蛇（常）	翡翠樹蛙（特、保）、台北樹蛙（特、保）、拉都希氏赤蛙（常）	南蛇（常）、龜殼花（常）、王錦蛇（常）			桃園市	one	middle	當天來回＆1000m-3000m	1,1,1,1	1	1	1	1		1,0,0	1	0	0	https://mountain.cpami.gov.tw/	dongyanshan1	dongyanshan1: [dongyanshan1webp, dongyanshan1],	/ 天氣晴朗的展望 / 攝影：劉啟聰 /	dongyanshan2	dongyanshan2: [dongyanshan2webp, dongyanshan2],	/ 森林裡的步道 / 攝影：劉啟聰 /	dongyanshan3	dongyanshan3: [dongyanshan3webp, dongyanshan3],	/ 起霧時的森林 / 攝影：@cindy231015 /	dongyanshan4	dongyanshan4: [dongyanshan4webp, dongyanshan4],	/ 維護良好的步道階梯 / 攝影：@cindy231015 /		: [webp, ],			: [webp, ],			: ,			: ,			: ,			: ,		https://hikingbook.net/trails/1Y7eqo299Q1S1m6d0R6rwDQ
第一波	都蘭山	doulanshan	orange	bgOrange	橘	團結	普悠瑪在卑南語裡有「團結」之意，而在登山路途中經過的「普悠瑪祭台」，傳說是為了終止阿美族與卑南族族的戰爭所設立的分界線。	藍	都蘭山是藍寶石的故鄉，根據 1984 年台灣礦物局對台灣玉髓進行調查，並列出了藍玉髓主要的五個礦區，其中都蘭山是最主要的礦藏分布地之一。	當地的阿美族人稱此山為「都蘭的山」，而都蘭（原名都攣，A’tolan）在阿美族語中為石頭堆積之處，而後延伸名為「都蘭山」，阿美族人心目中的聖山，也是藍寶石的故鄉。		永生的兄弟情	"一對兄弟和族人渡海來台在猴子山上岸，兄弟倆在山中找尋食物時，弟弟提議從高處互推巨石，誰能接住就證明誰的力氣較大。
而哥哥趁弟弟不備之際將巨石推下，意外壓死了弟弟。最後，弟弟化為都蘭山靈，而愧疚的哥哥在死後，也化作星星，照亮著都蘭的夜空，共同守護著族人。"	"臺灣黑熊
1000-2000m山代表"	"冠羽畫眉
1000-2000m山代表"	"高砂蛇
1000-2000m山代表"	"觀霧山椒魚
1000-2000m山代表"	"臺灣長臂金龜
1000-2000m山代表"	臺灣獼猴（常）、山羌（常）、白鼻心（常）	黑枕藍鶲（常）、台灣山鷓鴣（特）、綠畫眉（常）	百步蛇（常）、王錦蛇（常）、斯文豪氏攀蜥（特）	太田樹蛙（常）、褐樹蛙（特）、拉都希氏赤蛙（常）	台灣黑星小灰蝶（常）、虎皮楠長喙天蛾（常）、黑星紫金牛（常）			台東縣	one	middle	當天來回＆1000m-3000m	1,1,1,1	1	1	1	1		0,0,0	0	0	0	https://mountain.cpami.gov.tw/	doulanshan1	doulanshan1: [doulanshan1webp, doulanshan1],	/ 山上的普悠瑪祭壇 / 攝影：柯政祥 /	doulanshan2	doulanshan2: [doulanshan2webp, doulanshan2],	/ 山頂三角點 / 攝影：柯政祥 / 	doulanshan3	doulanshan3: [doulanshan3webp, doulanshan3],	/ 山勢連綿的美人山 / 攝影：黃愛達 /	doulanshan4	doulanshan4: [doulanshan4webp, doulanshan4],	/ 生命力旺盛的森林 / 攝影：黃愛達 /	doulanshan5	doulanshan5: [doulanshan5webp, doulanshan5],	/ 於途中眺望東面的太平洋 / 攝影：柯政祥 /	doulanshan6	doulanshan6: [doulanshan6webp, doulanshan6],	/ 雲霧繚繞的中海拔森林 / 攝影：黃愛達 /		: ,			: ,			: ,			: ,		https://hikingbook.net/trails/XXm62fNQTbCezKU3491bIwA
第一波	聖母登山（抹茶山）	shengmudengshan	green	bgGreen	綠	像甜點	一位日本攝影師－小林賢伍，在ＩＧ上分享了登頂照片並寫下「台灣の抹茶冰淇淋山」，瞬間使五峰旗山擠滿了人潮紛紛朝聖。	軟萌	山巒起伏的樣子，就像是一群正在緩緩移動的羊群，綿綿軟軟。	其實抹茶山原名不叫抹茶山，而抹茶山的原名有兩種說法：因步道途中可見著名的五峰旗瀑布，因而認為是五峰旗山；另一派則以步道最終點定義其為三角崙山。		台灣也有聖母峰？	"位於步道終點的聖母山莊，是由義大利籍的巴瑞修士在多次攀登五峰旗山後，在 1979 年號召山友搭建而成。
而後，有傳聞指稱曾有趕路的山友在聖母山莊曾看到聖母顯靈，引導登山客安全下山，因此在顯靈之處搭建了聖母亭作為紀念，而有聖母山之別稱。"	"白鼻心
500-1000m山代表"	"繡眼畫眉
500-1000m山代表"	"百步蛇
500-1000m山代表"	"面天樹蛙
500-1000m山代表"	"大紫蛺蝶
500-1000m山代表"	臺灣獼猴（常）	繡眼畫眉（常）、赤腹山雀（常）、五色鳥（常）	龜殼花（常）、麗紋石龍子（常）、赤尾青竹絲（常）	盤古蟾蜍（常）、褐樹蛙（特）	紅紋沐蟬（常）、虹彩叩頭蟲（常）、大鳳蝶（常）			宜蘭縣	one	middle	當天來回＆1000m-3000m	1,1,1,1	1	1	1	1		0,0,0	0	0	0	https://mountain.cpami.gov.tw/	shengmudengshan1	shengmudengshan1: [shengmudengshan1webp, shengmudengshan1],	/ 由山頂看向蜿蜒的步道 / 攝影：柯政祥 /	shengmudengshan2	shengmudengshan2: [shengmudengshan2webp, shengmudengshan2],	/ 通往三角崙山的路上回望聖母山莊 / 攝影：柯政祥 /	shengmudengshan3	shengmudengshan3: [shengmudengshan3webp, shengmudengshan3],	/ 聖母山莊 / 攝影：柯政祥 /	shengmudengshan4	shengmudengshan4: [shengmudengshan4webp, shengmudengshan4],	/ 翠綠的山峰連綿至遠方 / 攝影：柯政祥 /	shengmudengshan5	shengmudengshan5: [shengmudengshan5webp, shengmudengshan5],	/ 於山頂遠眺延伸的山峰 / 攝影：山女孩MelissaxMao冒險生活 /	shengmudengshan6	shengmudengshan6: [shengmudengshan6webp, shengmudengshan6],	/ 峰峰相連的山巒 / 攝影：山女孩MelissaxMao冒險生活 /		: ,			: ,			: ,			: ,		https://hikingbook.net/trails/L2CkMVIcTWGTdob99DM65NQ
第一波	六十石山	liushishishan	green	bgGreen	綠	歐風	六十石山坡上有紅瓦農舍點綴於期間，且山頂可一覽花東縱谷的風貌，再加上中海拔舒適涼爽的氣候，猶如瑞士風情，故又有「台灣小瑞士」之稱。	金黃	六十石山8-9月為金針花季，滿滿的一片花海，就像鋪上了金黃的地毯般。	「六十石」由來有兩說法：	"1. 日治時期每甲地平均收成只有四至五十時，但這一代卻可産出六十石稻穀，因而得名。
2. 此處原為樟樹林，為煉製樟腦而被砍伐一空，後在空曠的山坡上發現六十塊巨大石頭。"	富含療效的山？	"六十石山曾被稱為「藥山」，據說種植在山上的植物都具有療效，可以讓病人服用，即可恢復健康，金針花即是其中一種。
因此，由於藥山傳說的渲染，及當地農會鼓勵採用無毒、有機的栽種方式，致使得當地的金針花因而聞名。"	"白鼻心
500-1000m山代表"	"繡眼畫眉
500-1000m山代表"	"百步蛇
500-1000m山代表"	"面天樹蛙
500-1000m山代表"	"大紫蛺蝶
500-1000m山代表"	臺灣野兔（常）、山羌（常）、白鼻心（常）	大彎嘴（常）、烏頭翁（常）、大冠鷲（常）	斯文豪氏攀蜥（特）、臭青公（常）、過山刀（常）	澤蛙（常）、莫氏樹蛙（常）、艾氏赤蛙（常）	台灣三線蝶（常）、大鳳蝶（常）、薄翅蜻蜓（常）	每年8～9月為金針花季，吸引大批民眾前往賞花。	8,9	花蓮縣	one	low	當天來回＆1000m以下	1,1,1,1	1	1	1	1		0,0,0	0	0	0	https://mountain.cpami.gov.tw/	liushishishan1	liushishishan1: [liushishishan1webp, liushishishan1],	/ 六十石山與花東縱谷 / 攝影：廖妘甄 /	liushishishan2	liushishishan2: [liushishishan2webp, liushishishan2],	/ 夏秋之交將開滿金針花 / 攝影：廖妘甄 /	liushishishan3	liushishishan3: [liushishishan3webp, liushishishan3],	/ 眺望花東縱谷 / 攝影：廖妘甄 /	liushishishan4	liushishishan4: [liushishishan4webp, liushishishan4],	/ 被稱作「小瑞士」一景 / 攝影：廖妘甄 /	liushishishan5	liushishishan5: [liushishishan5webp, liushishishan5],	/ 被稱作「小瑞士」一景(1) / 攝影：廖妘甄 /		: [webp, ],			: ,			: ,			: ,			: ,		https://hikingbook.net/trails/91tMO791A1TayQsdDAYypHyA
第一波	觀音山	guanyinshan	green	bgGreen	綠	壯	觀音山之最高峰為「硬漢嶺」，是過往訓練憲兵用之場地，在民國 50 年時為加強訓練，命另憲兵官兵徒手開闢硬漢路，可謂真正之「硬漢」。	硬	自清代開始，因觀音山的石頭質地佳，因此成為居民築屋、建廟、雕鑿的材料，諸如台北城、芝山岩隘門、龍山寺廟基等，皆以觀音山石為材，因而成為本土石材中無可取代之名。	清代時即有多種名稱，最常被使用的為「八里坌山」；直到十九世紀末越來越多人稱其為「觀音山」，由於火山噴發後的岩漿、碎屑等堆積，形成的十八連峰由遠處遙望有如一座斜臥的觀音菩薩；此外，清初建有各式恭奉觀音菩薩的寺院，居民為了拜觀音而上山，久而久之也就以其為名。		觀音賜水奇景	"會長因曾在登山時被山友請喝一杯水，開始揹著飲用水上觀音山奉茶。
從一個人揹水到涼亭供人泡茶，後來設計了一尊「觀音」造型的水塔，此一善舉吸引山友加入揹水行列，並於 2000 年正式成立揹水隊、2010 年成立奉茶基地，添加了過濾及揹水設備，同時也準備了急救設備 AED，保護山友的安全。"	"白鼻心
500-1000m山代表"	"繡眼畫眉
500-1000m山代表"	"百步蛇
500-1000m山代表"	"面天樹蛙
500-1000m山代表"	"大紫蛺蝶
500-1000m山代表"	赤腹松鼠（常）、山羌（常）、白鼻心（常）	大冠鷲（常）、五色鳥（常）、松雀鷹（常）	黃口攀蜥（常）、紅斑蛇（常）、臭青公（常）	小雨蛙（常）、黑眶蟾蜍（常）、拉都希氏赤蛙（常）	姬黃三線蝶（常）、青鳳蝶（常）、流星蛺蝶（常）	"1. 為猛禽遷徒過境之地，北海岸及觀音山國家風景區管理處於每年4～5月會在此舉行觀鷹生態教育活動。
2. 猛禽以赤腹鷹、灰面鵟鷹、鳳頭蒼鷹、大冠鷲稱為「觀音四秀」。"	4,5	新北市	one	low	當天來回＆1000m以下	1,1,1,1	1	1	1	1		0,0,0	0	0	0	https://mountain.cpami.gov.tw/	guanyinshan1	guanyinshan1: [guanyinshan1webp, guanyinshan1],	/ 遠眺觀音山起伏的山形 / 攝影：宇宙浪人工作室 /		: [webp, ],			: [webp, ],			: [webp, ],			: [webp, ],			: [webp, ],			: ,			: ,			: ,			: ,		https://hikingbook.net/trails/91koCaegzQxWgPGdZ918gTZA
第一波	鯉魚山	liyushan	green	bgGreen	綠	多同名	在網路上搜尋「鯉魚山」，會發現在內湖、台東及花蓮都有鯉魚山的存在，而此處指的是位於花蓮鯉魚潭旁的鯉魚山。	貼心	鯉魚山提供了 7 種不同的步道，分別有野餐、健身、賞鳥、登山、遠眺及野趣等不同類型供民眾選擇，並在各不同景點設置了涼亭及瞭望台，十分的貼心。	"鯉魚山名之由來有兩個說法：
其一來自於〈花蓮縣誌〉中的記載，「脊緩起伏，自西北折南走，狀似鯉魚蜷臥」，因山形酷似鯉魚而得名。

另一為，西元1860年福建陸路提督羅大春奉命前往大南澳地區進行開墾，修築蘇澳至花蓮的路段。後因羅提督在奇萊山側見一大水潭，有許多鯉魚優游其中，故稱之為鯉魚潭，潭邊的小山也因此被名為鯉魚山。"		跨海尋親	"鯉魚山下有一個日本人的移民村－豐田社區，後因日本戰敗，居民全數被遣送回國，後來客家族群移居此處，使得被保存下來的遺跡並不多。
過了數十年，有一個日本婆婆回台尋根，她遍尋不著記憶中的家，最後卻駐足在一面泥牆前哭泣，因為她找到當年母親難產時，父親在泥牆寫下的字句。"	"白鼻心
500-1000m山代表"	"繡眼畫眉
500-1000m山代表"	"百步蛇
500-1000m山代表"	"面天樹蛙
500-1000m山代表"	"大紫蛺蝶
500-1000m山代表"	赤腹松鼠（常）、台灣獼猴（常）	大彎嘴（常）、朱鸝（常）、灰喉山椒鳥（常）	雨傘節（常）、眼鏡蛇（常）、龜殼花（常）	盤古蟾蜍（常）、莫氏樹蛙（常）、艾氏樹蛙（常）	雨傘節（常）、眼鏡蛇（常）、龜殼花（常）	東北季風時期，猛禽過境，9～10月除了看得見赤腹鷹外，也會看到其它猛禽，如：臺灣松雀鷹、灰面鷲、林鵰、蒼鷹等。	9,10	花蓮縣	one	low	當天來回＆1000m以下	1,1,1,1	1	1	1	1		0,0,0	0	0	0	https://mountain.cpami.gov.tw/	liyushan1	liyushan1: [liyushan1webp, liyushan1],	/ 沿途的休息平台 / 攝影：@mike926.chen /	liyushan2	liyushan2: [liyushan2webp, liyushan2],	/ 步道終點，回到鯉魚潭邊 / 攝影：@mike926.chen /		: [webp, ],			: [webp, ],			: [webp, ],			: [webp, ],			: ,			: ,			: ,			: ,		https://hikingbook.net/trails/8CT91YJpyRwWqH6Z90ZC2hag
第一波	無耳茶壺山	wuerchahushan	green	bgGreen	綠	回甘	因山形似沒有耳朵的茶壺，且山頂上沒有樹，每當有雲霧漂過時，就像剛泡好茶的茶壺般冒出騰騰熱氣。	奇蹟	茶壺山因山頂上望下去的美景及神秘感似被譽為世界七大奇蹟之一的天空之城「馬丘比丘」，因而有「台版馬丘比丘」之稱號。	"茶壺山，因其山形遠看似沒有耳朵的茶壺而得「無耳茶壺山」之名；從另一角度看像一頭獅子，故又名「石獅山」。
此山座落在金瓜石旁，一路上都可以見過去金礦場的痕跡。"		美照生死一瞬間	"在原本的道路外，有一美麗卻十分危險之處，會經過一30米深的豎井，是早期坑道挖金礦為通風所設置，而後停止挖礦後，則以石頭或木板擋住。
但近年來喜愛打卡的山友，卻因此而失足掉落豎井，失蹤、身亡的人數日漸上升，甚至曾有人說親友托夢告知其掉落豎井，才派警察前往探尋發現罹難者。

提醒：在拍美照的同時，還是須以安全為第一優先唷！"	"白鼻心
500-1000m山代表"	"繡眼畫眉
500-1000m山代表"	"百步蛇
500-1000m山代表"	"面天樹蛙
500-1000m山代表"	"大紫蛺蝶
500-1000m山代表"	臺灣刺鼠（常）、臺灣野兔（常）、鬼鼠（常）	大冠鷲（常）、白頭翁（常）、紅嘴黑鵯（常）	麗紋石龍子（常）、翠斑草蜥（常）、過山刀（常）	斯文豪氏赤蛙（常）、黑眶蟾蜍（常）	麗紋石龍子（常）、翠斑草蜥（常）、過山刀（常）	秋冬季節是無耳茶壺山步道最熱門的季節，溫度適宜以及滿山遍野的芒花。	9,10,11,12,1	新北市	one	low	當天來回＆1000m以下	1,1,1,1	1	1	1	1		0,0,0	0	0	0	https://mountain.cpami.gov.tw/	wuerchahushan1	wuerchahushan1: [wuerchahushan1webp, wuerchahushan1],	/ 茶壺山特殊的山形 / 攝影：柯政祥 /	wuerchahushan2	wuerchahushan2: [wuerchahushan2webp, wuerchahushan2],	/ 由茶壺山望向半屏山 / 攝影：柯政祥 /	wuerchahushan3	wuerchahushan3: [wuerchahushan3webp, wuerchahushan3],	/ 山腰處眺望遠處陰陽海 / 攝影：柯政祥 / 	wuerchahushan4	wuerchahushan4: [wuerchahushan4webp, wuerchahushan4],	/ 由步道下方仰望茶壺山 / 攝影：柯政祥 /	wuerchahushan5	wuerchahushan5: [wuerchahushan5webp, wuerchahushan5],	/ 由半屏山遠望茶壺山，山勢突出 / 攝影：柯政祥 /		: [webp, ],			: ,			: ,			: ,			: ,		https://hikingbook.net/trails/58bcAoFGRdmivmlgJp99ssA
第一波	橫山	hengshan	coffee	bgCoffee	灰咖	遊走邊緣	橫山主要的兩個步道「賞櫻步道」、「觀日步道」，皆遊走於南投縣及彰化縣之邊緣，可說是兩縣市的分隔線。	鵟ㄎㄨㄤˊ	橫山上有一賞鷹平台，在每年的3、4月會有灰面鵟鷹群過境，此處為牠們北返西伯利亞的短暫棲息地；除此之外，也有大冠鷲、鳳頭蒼鷹及松雀鷹等鷹類頻繁出沒於山中。	橫山之山頂上有兩顆基石，相距約有100公尺，別名尖山、湖山，但大部分將這兩顆基石統稱為橫山。此外，橫山為八卦山脈之最高點，因此有視野極佳的觀日平台。		猴探井真的有「猴」？	經常有人將鄰近的橫山與猴探井一併討論，是值得造訪的兩步道，而根據新聞指出，附近的山區一帶竟真的出現獼猴闖入鳳梨田大吃鳳梨。特生中心表示：南投山區一帶的獼猴大多聚集在松柏嶺，因經常被民眾餵養造導致數量增加，但現有食物不足，才會出來搶食。	"穿山甲
0-500m山代表"	"臺灣藍鵲
0-500m山代表"	"黑眉錦蛇
0-500m山代表"	"黑眶蟾蜍
0-500m山代表"	"臺灣黑金龜
0-500m山代表"	臺灣獼猴（常）、赤腹松鼠（常）、臺灣鼱鼠（常）	松雀鷹（常）、黑枕藍鶲（常）、樹鵲（常）	麗紋石龍子（常）、斯文豪氏攀蜥（特）、印度蜓蜥（常）	莫氏樹蛙（常）、面天樹蛙（常）、褐樹蛙（特）	臺灣紫斑蝶（常）、姬波紋小灰蝶（常）、端紫斑蝶（常）	每年3月春分前後，是灰面鵟鷹北返棲息地而大舉過境本區的高峰期。	3	南投縣、彰化縣	one	low	當天來回＆1000m以下	1,1,1,1	1	1	1	1		0,0,0	0	0	0	https://mountain.cpami.gov.tw/	hengshan1	hengshan1: [hengshan1webp, hengshan1],	/ 簡易好走的階梯步道 / 攝影：skyler_0707 /	hengshan2	hengshan2: [hengshan2webp, hengshan2],	/ 登山口附近田園景色 / 攝影：skyler_0707 /		: [webp, ],			: [webp, ],			: [webp, ],			: [webp, ],			: ,			: ,			: ,			: ,		https://hikingbook.net/trails/UEar9091rBTRmrpqq30jaw8g
第一波	壽山	shoushan	coffee	bgCoffee	灰咖	愛吃香蕉	"又名「耶普山」，是荷蘭人統治時期所命，為猿山、猴山之意，名稱來源是柴山著名的台灣獼猴。
有前人利用柴山上的香蕉樹做成的香蕉筏，而當地之獼猴也有多次搶食遊客香蕉之新聞，因而成為當地為人所知的特色。"	有人情味	柴山奉茶隊是活絡柴山登山步道的大功臣，他們不分平日假日都會背著重達5～40公升不等的水上山，就是為了要煮杯熱騰騰的茶讓山友們品嘗這份溫暖。	"柴山有多個名稱，如打狗山、壽山、萬壽山、柴山、鼓山、猴山等，主要是荷治時期、清治時代、日據時代因不同的歷史背景而命名。

而現在最為人所知的名稱－「柴山」是最生活化的稱呼，主要因此處早期許多人民會收集木柴來販賣或日常使用。"		主動奉茶的人情味	柴山當地的奉茶文化已延續超過 30 年，有一群自發性的「背水志工」，他們不分晴雨、出錢又出力在山中煮養生茶，並且無限量供應來登山的山友，累積了居民對於這片山林的濃厚情感，並且有更多人加入志工團隊。	"穿山甲
0-500m山代表"	"臺灣藍鵲
0-500m山代表"	"黑眉錦蛇
0-500m山代表"	"黑眶蟾蜍
0-500m山代表"	"臺灣黑金龜
0-500m山代表"	松雀鷹（常）、黑枕藍鶲（常）、樹鵲（常）	八色鳥（保）、小燕鷗（保）、臺灣畫眉（保）	臺灣草蜥（保）、黑眉錦蛇（保）、雨傘節（常）	黑眶蟾蜍（常）、史丹吉氏小雨蛙（保）、小雨蛙（常）	臺灣黑金龜（常）、鞭蠍（常）、黃球胸叩頭蟲（常）	"壽山可在不同季節看見淡水蟹及特有種蝸牛
馬卡道澤蟹：淡水蟹（特）
臺灣球蝸牛（特）、小菱蝸牛（特）、高雄煙管蝸牛（特）"	all	高雄市	one	low	當天來回＆1000m以下	1,1,1,1	1	1	1	1		0,0,0	0	0	0	https://mountain.cpami.gov.tw/	shoushan1	shoushan1: [shoushan1webp, shoushan1],	/ 夢幻景點「天雨洞 / 攝影：山女孩MelissaxMao冒險生活 /	shoushan2	shoushan2: [shoushan2webp, shoushan2],	/ 柴山有名的奉茶文化 / 攝影：山女孩MelissaxMao冒險生活 /	shoushan3	shoushan3: [shoushan3webp, shoushan3],	/ 知名景點「九龍榕」/ 攝影：山女孩MelissaxMao冒險生活 /	shoushan4	shoushan4: [shoushan4webp, shoushan4],	/「九龍榕」壯觀的榕樹 / 攝影：山女孩MelissaxMao冒險生活 /		: [webp, ],			: [webp, ],			: ,			: ,			: ,			: ,		https://hikingbook.net/trails/s8KTVk1yRQusjqKALxg993g
第一波	雲台山	yuntaishan	coffee	bgCoffee	灰咖	會員制	雲台山上建有軍情館，並於 2010 年開放給民眾參觀，但限於擁有台灣身分證者，且內部嚴禁拍照，保護國家軍事機密。	有志氣	雲台山雖然不是馬祖的第一高峰，但卻被列為台灣小百岳之一，反而擠掉了馬祖第一高峰「璧山」，得勝的原因在於其美景及遼闊的視野，也因此有「北竿芹壁看牆頭，南竿雲台登山頭」之佳句。	清朝年間，東南海域有倭寇出沒，附近船隻經常遭侵害，鄉紳在此山上設置煙台作為警戒，因而得「煙台山」一名；於民國 38 年國軍進駐後，改名為「圓台山」、因景色優美，於民國 47 年改為「雲台山」。		山中歌舞，不亦樂乎	在雲台山上有一軍官俱樂部名為「雲台閣」，集結了西式建築及東方詩詞書畫之美，後於 1990 年代整修裝潢，增設 KTV 及 MTV，且分成飲食、電影及理髮部，作為軍官的休閒場所。	"穿山甲
0-500m山代表"	"臺灣藍鵲
0-500m山代表"	"黑眉錦蛇
0-500m山代表"	"黑眶蟾蜍
0-500m山代表"	"臺灣黑金龜
0-500m山代表"	此區無常見特殊哺乳類	鳳頭燕鷗（常）、岩鷺（常）、叉尾雨燕（常）	此區無常見特殊爬蟲類	此區無常見特殊兩棲類	此區無常見特殊昆蟲類	知名的「神話之鳥」黑嘴端鳳頭燕鷗曾在此被發現，每年6～8月是賞燕鷗的季節。	6,7,8	馬祖	one	low	當天來回＆1000m以下	1,1,1,1	1	1	1	1		0,0,0	0	0	0	https://mountain.cpami.gov.tw/	yuntaishan1	yuntaishan1: [yuntaishan1webp, yuntaishan1],	/ 海岸邊的步道 / 攝影：Michael /	yuntaishan2	yuntaishan2: [yuntaishan2webp, yuntaishan2],	/ 附近村落 / 攝影： Michael /	yuntaishan3	yuntaishan3: [yuntaishan3webp, yuntaishan3],	/ 眺望海峽 / 攝影： Michael /	yuntaishan4	yuntaishan4: [yuntaishan4webp, yuntaishan4],	/ 步道上展望良好 / 攝影： cherry0924_ /	yuntaishan5	yuntaishan5: [yuntaishan5webp, yuntaishan5],	/ 南竿風情 / 攝影： cherry0924_ /	yuntaishan6	yuntaishan6: [yuntaishan6webp, yuntaishan6],	/ 海岬一景 / 攝影：cherry0924_ /		: ,			: ,			: ,			: ,		https://hikingbook.net/trails/vQVThNFORbqQetUswKu391A
第一波	大武崙山	dawulunshan	coffee	bgCoffee	灰咖	多寶藏	又稱｢砲台山」的它，砲台的現有構造大多為日治時代修建而成，此處也一度被猜測為日軍撤台前的藏寶處。	堅固	"當年中法戰爭，只有在此處的台灣戰場戰勝法國。
而甲午戰爭後，日本接收台灣時，還因畏懼基隆守備完備的砲台，特別繞道至貢寮登陸。"	「大武崙」一詞是由早期居住在此的巴賽族所命名，而「崙」一字在閩南移民用語中意指「有圓頂的小山」，也因此，當地最高的山即命名為「大武崙山」。		真實的黃金傳說	"據說日本撤離台灣之前，因為過於匆忙，而將黃金埋藏在大武崙砲台附近的某處，因此該處在過去幾十年不斷發生盜挖的紀錄，使古蹟遭到嚴重破壞。
為解決此一現象，基隆市政府在 2003 年請專家進行地質探測是否真的有黃金，結果證實這裡只是一般的土層。"	"穿山甲
0-500m山代表"	"臺灣藍鵲
0-500m山代表"	"黑眉錦蛇
0-500m山代表"	"黑眶蟾蜍
0-500m山代表"	"臺灣黑金龜
0-500m山代表"	穿山甲（保）、臺灣葉鼻蝠（特）、大赤鼯鼠（常）	黃嘴角鴞（保）、黑鳶（保）、叉尾雨燕（常）	紅耳龜（常）、黃口攀蜥（常）、赤尾青竹絲（常）	斯文豪氏赤蛙（常）、面天樹蛙（常）、台北樹蛙（保）	琉璃翠鳳蝶（常）、臺灣扁鍬形蟲（常）、六星白天牛（常）			基隆市	one	low	當天來回＆1000m以下	1,1,1,1	1	1	1	1		0,0,0	0	0	0	https://mountain.cpami.gov.tw/	dawulunshan1	dawulunshan1: [dawulunshan1webp, dawulunshan1],	/ 老鷹岩的展望 / 攝影：Jeff Chou / 	dawulunshan2	dawulunshan2: [dawulunshan2webp, dawulunshan2],	/ 大武崙砲台 / 攝影：@ThomasKao /	dawulunshan3	dawulunshan3: [dawulunshan3webp, dawulunshan3],	/ 老鷹岩眺望海灣 / 攝影：@ThomasKao /	dawulunshan4	dawulunshan4: [dawulunshan4webp, dawulunshan4],	/ 情人湖吊橋 / 攝影：Jeff Chou /		: [webp, ],			: ,			: ,			: ,			: ,			: ,		https://hikingbook.net/trails/dBXRf8BSRpeWpwvG90zQMTQ
第一波	象山	xiangshan	coffee	bgCoffee	灰咖	油	象山過去有大量的樟樹，可提煉樟腦及樟腦油，日據時期山腳下曾搭建提煉樟腦的工寮，製成的樟腦油也曾是台灣外銷世界的no.1。	親近都市	被譽為「信義區後花園」的象山，是許多住在北市的上班族放鬆的好去處，無論是清晨早起上山運動、假日休閒散步，或是晚上看夜景、賞煙火都相當適合及方便。	象山，位於台北市信義區，因山型遠看似象頭而得名，附近還有虎、豹、獅山，被併稱為四獸山。		曾有鄭成功的足跡？	傳說鄭成功退據台灣時，曾行軍自此，遠望以為有四獸蹲踞，眼前為霧所遮蔽、無法前行，以為是妖邪作怪，並在豹山上採下很深的足印，趕走妖魔鬼怪，是否屬實不得而知；但據《鄭成功傳》中有提及其下有一支軍隊來自永春，也許可佐證此一說法。	"穿山甲
0-500m山代表"	"臺灣藍鵲
0-500m山代表"	"黑眉錦蛇
0-500m山代表"	"黑眶蟾蜍
0-500m山代表"	"臺灣黑金龜
0-500m山代表"	鼬獾（常）、白鼻心（常）、大赤鼯鼠（常）	五色鳥（常）、白頭翁（常）、綠繡眼（常）	臺灣滑蜥（常）、斯文豪氏攀蜥（特）、翠斑草蜥（特）	褐樹蛙（常）、台北樹蛙（常）、面天樹蛙（常）	臺灣八星虎甲蟲（常）、臺灣姬蟬（常）、小波紋蛇目蝶（常）	全年皆適合前往，可清楚俯瞰台北盆地及101，有極佳的視野。	all	台北市	one	low	當天來回＆1000m以下	1,1,1,1	1	1	1	1		0,0,0	0	0	0	https://mountain.cpami.gov.tw/	xiangshan1	xiangshan1: [xiangshan1webp, xiangshan1],	/ 知名的象山夜景 / 攝影：廖妘甄	xiangshan2	xiangshan2: [xiangshan2webp, xiangshan2],	/ 最靠近臺北都會區的步道 / 攝影：王萬政 ／	xiangshan3	xiangshan3: [xiangshan3webp, xiangshan3],	/ 平台上為台北101最佳觀賞點 / 攝影：黃凱俊 /		: [webp, ],			: [webp, ],			: ,			: ,			: ,			: ,			: ,		https://hikingbook.net/trails/kTaVPFkcSOODmu00SnR90rQ
